{
	"miniprogramRoot": "miniprogram/",
	"cloudfunctionRoot": "cloudfunctions/",
	"setting": {
		"urlCheck": true,
		"es6": true,
		"postcss": true,
		"minified": true,
		"newFeature": true,
		"enhance": true
	},
	"appid": "wx4fc26f96fd07a96b",
	"projectname": "imusic",
	"libVersion": "2.8.1",
	"simulatorType": "wechat",
	"simulatorPluginLibVersion": {},
	"condition": {
		"search": {
			"current": -1,
			"list": []
		},
		"conversation": {
			"current": -1,
			"list": []
		},
		"plugin": {
			"current": -1,
			"list": []
		},
		"game": {
			"list": []
		},
		"gamePlugin": {
			"current": -1,
			"list": []
		},
		"miniprogram": {
			"current": 0,
			"list": [
				{
					"id": -1,
					"name": "db guide",
					"pathName": "pages/databaseGuide/databaseGuide",
					"query": ""
				},
				{
					"id": -1,
					"name": "blog",
					"pathName": "pages/blog/blog",
					"query": "",
					"scene": null
				},
				{
					"id": -1,
					"name": "blog-edit",
					"pathName": "pages/blog-edit/blog-edit",
					"query": "nickName: \"是胡萝卜呀\"&avatarUrl=\"https://wx.qlogo.cn/mmopen/vi_32/Q0j4TwGTfTLQplEc0…yOoHjd2gRPL3ftX3ex33lcUiaSK4mRz01DfnEbHICm9pg/132\"",
					"scene": null
				},
				{
					"id": -1,
					"name": "profile",
					"pathName": "pages/profile/profile",
					"scene": null
				}
			]
		}
	}
}